timestamp,asset,price
17:39:54Z,AUDCHF_otc,0.57397
17:39:54Z,AUDCHF_otc,0.57397
17:39:55Z,AUDCHF_otc,0.57391
17:39:55Z,AUDCHF_otc,0.57388
17:39:56Z,AUDCHF_otc,0.57388
17:39:56Z,AUDCHF_otc,0.57393
17:39:57Z,AUDCHF_otc,0.57399
17:39:57Z,AUDCHF_otc,0.57395
17:39:58Z,AUDCHF_otc,0.57395
17:39:58Z,AUDCHF_otc,0.574
17:39:58Z,AUDCHF_otc,0.574
17:39:59Z,AUDCHF_otc,0.574
17:39:59Z,AUDCHF_otc,0.57407
17:40:00Z,AUDCHF_otc,0.57407
17:40:01Z,AUDCHF_otc,0.57412
17:40:01Z,AUDCHF_otc,0.57415
17:40:02Z,AUDCHF_otc,0.57415
17:40:02Z,AUDCHF_otc,0.57428
17:40:02Z,AUDCHF_otc,0.57425
17:40:03Z,AUDCHF_otc,0.57421
17:40:03Z,AUDCHF_otc,0.57424
17:40:04Z,AUDCHF_otc,0.5742
17:40:04Z,AUDCHF_otc,0.57423
17:40:05Z,AUDCHF_otc,0.57423
17:40:05Z,AUDCHF_otc,0.57415
17:40:06Z,AUDCHF_otc,0.57418
17:40:06Z,AUDCHF_otc,0.57411
17:40:07Z,AUDCHF_otc,0.574
17:40:07Z,AUDCHF_otc,0.57408
17:40:08Z,AUDCHF_otc,0.57408
17:40:09Z,AUDCHF_otc,0.57416
17:40:09Z,AUDCHF_otc,0.57419
17:40:09Z,AUDCHF_otc,0.57422
17:40:10Z,AUDCHF_otc,0.574
17:40:10Z,AUDCHF_otc,0.574
17:40:11Z,AUDCHF_otc,0.574
17:40:12Z,AUDCHF_otc,0.57394
17:40:12Z,AUDCHF_otc,0.57394
17:40:13Z,AUDCHF_otc,0.5739
17:40:13Z,AUDCHF_otc,0.57384
17:40:14Z,AUDCHF_otc,0.57384
17:40:14Z,AUDCHF_otc,0.57377
17:40:14Z,AUDCHF_otc,0.57382
17:40:15Z,AUDCHF_otc,0.57382
17:40:16Z,AUDCHF_otc,0.57382
17:40:16Z,AUDCHF_otc,0.57382
17:40:17Z,AUDCHF_otc,0.57385
17:40:17Z,AUDCHF_otc,0.57382
17:40:18Z,AUDCHF_otc,0.57378
17:40:18Z,AUDCHF_otc,0.5737
17:40:19Z,AUDCHF_otc,0.57366
17:40:19Z,AUDCHF_otc,0.5736
17:40:19Z,AUDCHF_otc,0.5736
17:40:20Z,AUDCHF_otc,0.5736
17:40:21Z,AUDCHF_otc,0.57385
17:40:21Z,AUDCHF_otc,0.57381
17:40:22Z,AUDCHF_otc,0.57378
17:40:22Z,AUDCHF_otc,0.57372
17:40:23Z,AUDCHF_otc,0.57367
17:40:23Z,AUDCHF_otc,0.5737
17:40:24Z,AUDCHF_otc,0.57374
17:40:24Z,AUDCHF_otc,0.57382
17:40:24Z,AUDCHF_otc,0.57382
17:40:25Z,AUDCHF_otc,0.57382
17:40:25Z,AUDCHF_otc,0.57378
17:40:26Z,AUDCHF_otc,0.57381
17:40:26Z,AUDCHF_otc,0.57378
17:40:27Z,AUDCHF_otc,0.5739
17:40:27Z,AUDCHF_otc,0.57386
17:40:28Z,AUDCHF_otc,0.5739
17:40:28Z,AUDCHF_otc,0.57387
17:40:29Z,AUDCHF_otc,0.57378
17:40:29Z,AUDCHF_otc,0.57381
17:40:30Z,AUDCHF_otc,0.57377
17:40:30Z,AUDCHF_otc,0.57386
17:40:31Z,AUDCHF_otc,0.57392
17:40:31Z,AUDCHF_otc,0.57388
17:40:32Z,AUDCHF_otc,0.57388
17:40:32Z,AUDCHF_otc,0.57392
17:40:33Z,AUDCHF_otc,0.57388
17:40:33Z,AUDCHF_otc,0.57391
17:40:34Z,AUDCHF_otc,0.57398
17:40:34Z,AUDCHF_otc,0.57401
17:40:35Z,AUDCHF_otc,0.57401
17:40:35Z,AUDCHF_otc,0.57397
17:40:36Z,AUDCHF_otc,0.57383
17:40:36Z,AUDCHF_otc,0.57379
17:40:37Z,AUDCHF_otc,0.57384
17:40:37Z,AUDCHF_otc,0.57382
17:40:38Z,AUDCHF_otc,0.57386
17:40:38Z,AUDCHF_otc,0.57392
17:40:39Z,AUDCHF_otc,0.57389
17:40:39Z,AUDCHF_otc,0.57393
17:40:40Z,AUDCHF_otc,0.57378
17:40:40Z,AUDCHF_otc,0.57375
17:40:41Z,AUDCHF_otc,0.57371
17:40:41Z,AUDCHF_otc,0.57374
17:40:42Z,AUDCHF_otc,0.57374
17:40:42Z,AUDCHF_otc,0.57371
17:40:43Z,AUDCHF_otc,0.57376
17:40:43Z,AUDCHF_otc,0.57381
17:40:44Z,AUDCHF_otc,0.57384
17:40:44Z,AUDCHF_otc,0.5739
17:40:45Z,AUDCHF_otc,0.5739
17:40:45Z,AUDCHF_otc,0.57392
17:40:46Z,AUDCHF_otc,0.57396
17:40:46Z,AUDCHF_otc,0.57394
17:40:47Z,AUDCHF_otc,0.57397
17:40:47Z,AUDCHF_otc,0.57409
17:40:48Z,AUDCHF_otc,0.57409
17:40:48Z,AUDCHF_otc,0.57406
17:40:49Z,AUDCHF_otc,0.57401
17:40:49Z,AUDCHF_otc,0.57406
17:40:50Z,AUDCHF_otc,0.57408
17:40:50Z,AUDCHF_otc,0.57418
17:40:51Z,AUDCHF_otc,0.57418
17:40:51Z,AUDCHF_otc,0.57413
17:40:52Z,AUDCHF_otc,0.57416
17:40:52Z,AUDCHF_otc,0.57413
17:40:53Z,AUDCHF_otc,0.57418
17:40:53Z,AUDCHF_otc,0.57421
17:40:54Z,AUDCHF_otc,0.57417
17:40:54Z,AUDCHF_otc,0.57414
17:40:55Z,AUDCHF_otc,0.57418
17:40:55Z,AUDCHF_otc,0.57412
17:40:56Z,AUDCHF_otc,0.57416
17:40:56Z,AUDCHF_otc,0.57421
17:40:57Z,AUDCHF_otc,0.57424
17:40:57Z,AUDCHF_otc,0.57429
17:40:58Z,AUDCHF_otc,0.57417
17:40:58Z,AUDCHF_otc,0.57421
17:40:59Z,AUDCHF_otc,0.5745
17:40:59Z,AUDCHF_otc,0.57447
17:41:00Z,AUDCHF_otc,0.57445
17:41:00Z,AUDCHF_otc,0.57449
17:41:01Z,AUDCHF_otc,0.57455
17:41:01Z,AUDCHF_otc,0.5746
17:41:02Z,AUDCHF_otc,0.57463
17:41:02Z,AUDCHF_otc,0.57466
17:41:03Z,AUDCHF_otc,0.57463
17:41:03Z,AUDCHF_otc,0.57463
17:41:04Z,AUDCHF_otc,0.57458
17:41:04Z,AUDCHF_otc,0.57454
17:41:05Z,AUDCHF_otc,0.57452
17:41:05Z,AUDCHF_otc,0.57439
17:41:06Z,AUDCHF_otc,0.57451
17:41:06Z,AUDCHF_otc,0.57454
17:41:07Z,AUDCHF_otc,0.57445
17:41:07Z,AUDCHF_otc,0.57448
17:41:08Z,AUDCHF_otc,0.57479
17:41:08Z,AUDCHF_otc,0.57486
17:41:09Z,AUDCHF_otc,0.57488
17:41:09Z,AUDCHF_otc,0.57484
17:41:10Z,AUDCHF_otc,0.57487
17:41:10Z,AUDCHF_otc,0.5749
17:41:11Z,AUDCHF_otc,0.57482
17:41:11Z,AUDCHF_otc,0.57484
17:41:12Z,AUDCHF_otc,0.57484
17:41:12Z,AUDCHF_otc,0.57475
17:41:13Z,AUDCHF_otc,0.5747
17:41:13Z,AUDCHF_otc,0.57464
17:41:14Z,AUDCHF_otc,0.5746
17:41:14Z,AUDCHF_otc,0.57455
17:41:15Z,AUDCHF_otc,0.57455
17:41:15Z,AUDCHF_otc,0.57456
17:41:16Z,AUDCHF_otc,0.57456
17:41:16Z,AUDCHF_otc,0.57453
17:41:17Z,AUDCHF_otc,0.57451
17:41:17Z,AUDCHF_otc,0.57445
17:41:18Z,AUDCHF_otc,0.57445
17:41:18Z,AUDCHF_otc,0.57452
17:41:19Z,AUDCHF_otc,0.57456
17:41:19Z,AUDCHF_otc,0.57452
17:41:20Z,AUDCHF_otc,0.5745
17:41:20Z,AUDCHF_otc,0.57448
17:41:21Z,AUDCHF_otc,0.57448
17:41:21Z,AUDCHF_otc,0.57456
17:41:22Z,AUDCHF_otc,0.57461
17:41:22Z,AUDCHF_otc,0.57487
17:41:23Z,AUDCHF_otc,0.57491
17:41:23Z,AUDCHF_otc,0.57487
17:41:24Z,AUDCHF_otc,0.57487
17:41:24Z,AUDCHF_otc,0.57486
17:41:25Z,AUDCHF_otc,0.57486
17:41:25Z,AUDCHF_otc,0.57482
17:41:26Z,AUDCHF_otc,0.57476
17:41:26Z,AUDCHF_otc,0.57468
17:41:27Z,AUDCHF_otc,0.57468
17:41:27Z,AUDCHF_otc,0.5747
17:41:28Z,AUDCHF_otc,0.5747
17:41:28Z,AUDCHF_otc,0.57467
17:41:29Z,AUDCHF_otc,0.5745
17:41:29Z,AUDCHF_otc,0.57453
17:41:30Z,AUDCHF_otc,0.57453
17:41:30Z,AUDCHF_otc,0.57439
17:41:31Z,AUDCHF_otc,0.57441
17:41:31Z,AUDCHF_otc,0.57428
17:41:32Z,AUDCHF_otc,0.57432
17:41:32Z,AUDCHF_otc,0.57436
17:41:33Z,AUDCHF_otc,0.57436
17:41:33Z,AUDCHF_otc,0.57439
17:41:34Z,AUDCHF_otc,0.57432
17:41:34Z,AUDCHF_otc,0.57435
17:41:35Z,AUDCHF_otc,0.57432
17:41:35Z,AUDCHF_otc,0.57436
17:41:36Z,AUDCHF_otc,0.57436
17:41:36Z,AUDCHF_otc,0.57453
17:41:37Z,AUDCHF_otc,0.57459
17:41:37Z,AUDCHF_otc,0.57454
17:41:38Z,AUDCHF_otc,0.57449
17:41:38Z,AUDCHF_otc,0.57447
17:41:39Z,AUDCHF_otc,0.57447
17:41:39Z,AUDCHF_otc,0.57452
17:41:40Z,AUDCHF_otc,0.57447
17:41:40Z,AUDCHF_otc,0.57444
17:41:41Z,AUDCHF_otc,0.57426
17:41:41Z,AUDCHF_otc,0.57426
17:41:42Z,AUDCHF_otc,0.57426
17:41:42Z,AUDCHF_otc,0.57429
17:41:43Z,AUDCHF_otc,0.57433
17:41:43Z,AUDCHF_otc,0.57418
17:41:44Z,AUDCHF_otc,0.57421
17:41:44Z,AUDCHF_otc,0.57429
17:41:45Z,AUDCHF_otc,0.57429
17:41:45Z,AUDCHF_otc,0.5743
17:41:46Z,AUDCHF_otc,0.57426
17:41:46Z,AUDCHF_otc,0.57429
17:41:47Z,AUDCHF_otc,0.57443
17:41:47Z,AUDCHF_otc,0.5745
17:41:48Z,AUDCHF_otc,0.5745
17:41:48Z,AUDCHF_otc,0.5746
17:41:49Z,AUDCHF_otc,0.57457
17:41:49Z,AUDCHF_otc,0.57453
17:41:50Z,AUDCHF_otc,0.57444
17:41:50Z,AUDCHF_otc,0.57433
17:41:51Z,AUDCHF_otc,0.57433
17:41:51Z,AUDCHF_otc,0.57438
17:41:52Z,AUDCHF_otc,0.57442
17:41:52Z,AUDCHF_otc,0.57438
17:41:53Z,AUDCHF_otc,0.57436
17:41:53Z,AUDCHF_otc,0.57432
17:41:54Z,AUDCHF_otc,0.57432
17:41:54Z,AUDCHF_otc,0.57421
17:41:55Z,AUDCHF_otc,0.57426
17:41:55Z,AUDCHF_otc,0.57417
17:41:56Z,AUDCHF_otc,0.57413
17:41:56Z,AUDCHF_otc,0.57421
17:41:57Z,AUDCHF_otc,0.57421
17:41:57Z,AUDCHF_otc,0.57438
17:41:58Z,AUDCHF_otc,0.57424
17:41:58Z,AUDCHF_otc,0.57421
17:41:59Z,AUDCHF_otc,0.57418
17:41:59Z,AUDCHF_otc,0.57415
17:42:00Z,AUDCHF_otc,0.57415
17:42:00Z,AUDCHF_otc,0.57415
17:42:00Z,AUDCHF_otc,0.57382
17:42:01Z,AUDCHF_otc,0.57377
17:42:01Z,AUDCHF_otc,0.57381
17:42:02Z,AUDCHF_otc,0.5739
17:42:02Z,AUDCHF_otc,0.57403
17:42:03Z,AUDCHF_otc,0.57403
17:42:03Z,AUDCHF_otc,0.57397
17:42:04Z,AUDCHF_otc,0.57401
17:42:04Z,AUDCHF_otc,0.57401
17:42:05Z,AUDCHF_otc,0.57399
17:42:05Z,AUDCHF_otc,0.57404
17:42:06Z,AUDCHF_otc,0.57404
17:42:06Z,AUDCHF_otc,0.57358
17:42:07Z,AUDCHF_otc,0.57361
17:42:07Z,AUDCHF_otc,0.57371
17:42:08Z,AUDCHF_otc,0.57366
17:42:08Z,AUDCHF_otc,0.57373
17:42:09Z,AUDCHF_otc,0.57373
17:42:09Z,AUDCHF_otc,0.57372
17:42:10Z,AUDCHF_otc,0.57375
17:42:10Z,AUDCHF_otc,0.5737
17:42:11Z,AUDCHF_otc,0.57386
17:42:11Z,AUDCHF_otc,0.5739
17:42:12Z,AUDCHF_otc,0.5739
17:42:12Z,AUDCHF_otc,0.5739
17:42:13Z,AUDCHF_otc,0.57386
17:42:13Z,AUDCHF_otc,0.57382
17:42:14Z,AUDCHF_otc,0.57378
17:42:14Z,AUDCHF_otc,0.5736
17:42:15Z,AUDCHF_otc,0.5736
17:42:15Z,AUDCHF_otc,0.57354
17:42:16Z,AUDCHF_otc,0.57354
17:42:16Z,AUDCHF_otc,0.57354
17:42:17Z,AUDCHF_otc,0.57351
17:42:17Z,AUDCHF_otc,0.57346
17:42:18Z,AUDCHF_otc,0.57346
17:42:18Z,AUDCHF_otc,0.57336
17:42:19Z,AUDCHF_otc,0.57342
17:42:19Z,AUDCHF_otc,0.5734
17:42:20Z,AUDCHF_otc,0.57345
17:42:20Z,AUDCHF_otc,0.57358
17:42:21Z,AUDCHF_otc,0.57358
17:42:21Z,AUDCHF_otc,0.5736
17:42:21Z,AUDCHF_otc,0.57363
17:42:22Z,AUDCHF_otc,0.57363
17:42:22Z,AUDCHF_otc,0.57361
17:42:23Z,AUDCHF_otc,0.57365
17:42:23Z,AUDCHF_otc,0.57361
17:42:24Z,AUDCHF_otc,0.57361
17:42:24Z,AUDCHF_otc,0.57366
17:42:24Z,AUDCHF_otc,0.57369
17:42:25Z,AUDCHF_otc,0.57369
17:42:25Z,AUDCHF_otc,0.5737
17:42:26Z,AUDCHF_otc,0.57366
17:42:26Z,AUDCHF_otc,0.57366
17:42:27Z,AUDCHF_otc,0.57366
17:42:27Z,AUDCHF_otc,0.57366
17:42:27Z,AUDCHF_otc,0.57354
17:42:28Z,AUDCHF_otc,0.57354
17:42:28Z,AUDCHF_otc,0.57376
17:42:29Z,AUDCHF_otc,0.57392
17:42:29Z,AUDCHF_otc,0.57387
17:42:30Z,AUDCHF_otc,0.57387
17:42:30Z,AUDCHF_otc,0.57383
17:42:30Z,AUDCHF_otc,0.5738
17:42:31Z,AUDCHF_otc,0.5738
17:42:31Z,AUDCHF_otc,0.57376
17:42:32Z,AUDCHF_otc,0.57364
17:42:32Z,AUDCHF_otc,0.57362
17:42:33Z,AUDCHF_otc,0.57362
17:42:33Z,AUDCHF_otc,0.57366
17:42:33Z,AUDCHF_otc,0.5737
17:42:34Z,AUDCHF_otc,0.5737
17:42:34Z,AUDCHF_otc,0.57372
17:42:35Z,AUDCHF_otc,0.57376
17:42:35Z,AUDCHF_otc,0.5738
17:42:36Z,AUDCHF_otc,0.5738
17:42:36Z,AUDCHF_otc,0.57384
17:42:36Z,AUDCHF_otc,0.57377
17:42:37Z,AUDCHF_otc,0.57377
17:42:37Z,AUDCHF_otc,0.57379
17:42:38Z,AUDCHF_otc,0.57383
17:42:38Z,AUDCHF_otc,0.57378
17:42:39Z,AUDCHF_otc,0.57378
17:42:39Z,AUDCHF_otc,0.57378
17:42:39Z,AUDCHF_otc,0.57374
17:42:40Z,AUDCHF_otc,0.57374
17:42:40Z,AUDCHF_otc,0.57378
17:42:41Z,AUDCHF_otc,0.57357
17:42:41Z,AUDCHF_otc,0.57363
17:42:42Z,AUDCHF_otc,0.57363
17:42:42Z,AUDCHF_otc,0.57376
17:42:42Z,AUDCHF_otc,0.57379
17:42:43Z,AUDCHF_otc,0.57379
17:42:43Z,AUDCHF_otc,0.5737
17:42:44Z,AUDCHF_otc,0.57364
17:42:44Z,AUDCHF_otc,0.5737
17:42:45Z,AUDCHF_otc,0.5737
17:42:45Z,AUDCHF_otc,0.57368
17:42:45Z,AUDCHF_otc,0.57375
17:42:46Z,AUDCHF_otc,0.57375
17:42:46Z,AUDCHF_otc,0.57376
17:42:47Z,AUDCHF_otc,0.57374
17:42:47Z,AUDCHF_otc,0.5737
17:42:48Z,AUDCHF_otc,0.5737
17:42:48Z,AUDCHF_otc,0.57366
17:42:48Z,AUDCHF_otc,0.57362
17:42:49Z,AUDCHF_otc,0.57362
17:42:49Z,AUDCHF_otc,0.5736
17:42:50Z,AUDCHF_otc,0.57364
17:42:50Z,AUDCHF_otc,0.57358
17:42:51Z,AUDCHF_otc,0.57358
17:42:51Z,AUDCHF_otc,0.57338
17:42:51Z,AUDCHF_otc,0.57338
17:42:52Z,AUDCHF_otc,0.57338
17:42:52Z,AUDCHF_otc,0.57333
17:42:53Z,AUDCHF_otc,0.57324
17:42:53Z,AUDCHF_otc,0.57328
17:42:54Z,AUDCHF_otc,0.57328
17:42:54Z,AUDCHF_otc,0.57332
17:42:54Z,AUDCHF_otc,0.5734
17:42:55Z,AUDCHF_otc,0.5734
17:42:55Z,AUDCHF_otc,0.57357
17:42:56Z,AUDCHF_otc,0.57361
17:42:56Z,AUDCHF_otc,0.57356
17:42:57Z,AUDCHF_otc,0.57356
17:42:57Z,AUDCHF_otc,0.57354
17:42:57Z,AUDCHF_otc,0.5735
17:42:58Z,AUDCHF_otc,0.5735
17:42:58Z,AUDCHF_otc,0.57353
17:42:59Z,AUDCHF_otc,0.57359
17:42:59Z,AUDCHF_otc,0.57354
17:43:00Z,AUDCHF_otc,0.57354
17:43:00Z,AUDCHF_otc,0.57357
17:43:00Z,AUDCHF_otc,0.57357
17:43:01Z,AUDCHF_otc,0.57357
17:43:01Z,AUDCHF_otc,0.57357
17:43:02Z,AUDCHF_otc,0.57354
17:43:02Z,AUDCHF_otc,0.57362
17:43:03Z,AUDCHF_otc,0.57362
17:43:03Z,AUDCHF_otc,0.57358
17:43:03Z,AUDCHF_otc,0.57361
17:43:04Z,AUDCHF_otc,0.57361
17:43:04Z,AUDCHF_otc,0.57369
17:43:05Z,AUDCHF_otc,0.57372
17:43:05Z,AUDCHF_otc,0.5737
17:43:06Z,AUDCHF_otc,0.5737
17:43:06Z,AUDCHF_otc,0.5737
17:43:06Z,AUDCHF_otc,0.57378
17:43:07Z,AUDCHF_otc,0.57378
17:43:07Z,AUDCHF_otc,0.57389
17:43:08Z,AUDCHF_otc,0.57393
17:43:08Z,AUDCHF_otc,0.57388
17:43:09Z,AUDCHF_otc,0.57388
17:43:09Z,AUDCHF_otc,0.57385
17:43:09Z,AUDCHF_otc,0.5738
17:43:10Z,AUDCHF_otc,0.5738
17:43:10Z,AUDCHF_otc,0.57383
17:43:11Z,AUDCHF_otc,0.57374
17:43:11Z,AUDCHF_otc,0.57377
17:43:12Z,AUDCHF_otc,0.57377
17:43:12Z,AUDCHF_otc,0.57373
17:43:12Z,AUDCHF_otc,0.57364
17:43:13Z,AUDCHF_otc,0.57364
17:43:13Z,AUDCHF_otc,0.57368
17:43:14Z,AUDCHF_otc,0.57373
17:43:14Z,AUDCHF_otc,0.57377
17:43:15Z,AUDCHF_otc,0.57377
17:43:15Z,AUDCHF_otc,0.57381
17:43:15Z,AUDCHF_otc,0.57378
17:43:16Z,AUDCHF_otc,0.57378
17:43:16Z,AUDCHF_otc,0.57386
17:43:17Z,AUDCHF_otc,0.57389
17:43:17Z,AUDCHF_otc,0.57384
17:43:18Z,AUDCHF_otc,0.57384
17:43:18Z,AUDCHF_otc,0.57393
17:43:18Z,AUDCHF_otc,0.57409
17:43:19Z,AUDCHF_otc,0.57409
17:43:19Z,AUDCHF_otc,0.57408
17:43:20Z,AUDCHF_otc,0.57404
17:43:20Z,AUDCHF_otc,0.57397
17:43:21Z,AUDCHF_otc,0.57401
17:43:21Z,AUDCHF_otc,0.57396
17:43:22Z,AUDCHF_otc,0.57396
17:43:22Z,AUDCHF_otc,0.57398
17:43:23Z,AUDCHF_otc,0.57401
17:43:23Z,AUDCHF_otc,0.57387
17:43:24Z,AUDCHF_otc,0.57387
17:43:24Z,AUDCHF_otc,0.57392
17:43:24Z,AUDCHF_otc,0.57396
17:43:25Z,AUDCHF_otc,0.57396
17:43:25Z,AUDCHF_otc,0.57397
17:43:26Z,AUDCHF_otc,0.57394
17:43:26Z,AUDCHF_otc,0.57392
17:43:27Z,AUDCHF_otc,0.57392
17:43:27Z,AUDCHF_otc,0.57392
17:43:27Z,AUDCHF_otc,0.57398
17:43:28Z,AUDCHF_otc,0.57398
17:43:28Z,AUDCHF_otc,0.57422
17:43:29Z,AUDCHF_otc,0.5742
17:43:29Z,AUDCHF_otc,0.5742
17:43:30Z,AUDCHF_otc,0.5742
17:43:30Z,AUDCHF_otc,0.57416
17:43:30Z,AUDCHF_otc,0.57416
17:43:31Z,AUDCHF_otc,0.57416
17:43:31Z,AUDCHF_otc,0.57424
17:43:32Z,AUDCHF_otc,0.57419
17:43:32Z,AUDCHF_otc,0.57425
17:43:33Z,AUDCHF_otc,0.57422
17:43:33Z,AUDCHF_otc,0.57417
17:43:34Z,AUDCHF_otc,0.57417
17:43:34Z,AUDCHF_otc,0.57412
17:43:35Z,AUDCHF_otc,0.57399
17:43:35Z,AUDCHF_otc,0.57402
17:43:36Z,AUDCHF_otc,0.57402
17:43:36Z,AUDCHF_otc,0.57402
17:43:36Z,AUDCHF_otc,0.57402
17:43:37Z,AUDCHF_otc,0.57402
17:43:37Z,AUDCHF_otc,0.57389
17:43:38Z,AUDCHF_otc,0.57384
17:43:38Z,AUDCHF_otc,0.57388
17:43:39Z,AUDCHF_otc,0.57383
17:43:39Z,AUDCHF_otc,0.57386
17:43:40Z,AUDCHF_otc,0.57386
17:43:40Z,AUDCHF_otc,0.5738
17:43:41Z,AUDCHF_otc,0.57385
17:43:41Z,AUDCHF_otc,0.57389
17:43:42Z,AUDCHF_otc,0.57386
17:43:42Z,AUDCHF_otc,0.57386
17:43:43Z,AUDCHF_otc,0.57386
17:43:43Z,AUDCHF_otc,0.57383
17:43:44Z,AUDCHF_otc,0.57381
17:43:44Z,AUDCHF_otc,0.57378
17:43:45Z,AUDCHF_otc,0.5738
17:43:45Z,AUDCHF_otc,0.57371
17:43:46Z,AUDCHF_otc,0.57371
17:43:46Z,AUDCHF_otc,0.57379
17:43:47Z,AUDCHF_otc,0.57376
17:43:47Z,AUDCHF_otc,0.57373
17:43:48Z,AUDCHF_otc,0.5737
17:43:48Z,AUDCHF_otc,0.57362
17:43:49Z,AUDCHF_otc,0.57362
17:43:49Z,AUDCHF_otc,0.57362
17:43:50Z,AUDCHF_otc,0.5736
17:43:50Z,AUDCHF_otc,0.57356
17:43:51Z,AUDCHF_otc,0.57365
17:43:51Z,AUDCHF_otc,0.57369
17:43:52Z,AUDCHF_otc,0.57369
17:43:52Z,AUDCHF_otc,0.57359
17:43:53Z,AUDCHF_otc,0.57359
17:43:53Z,AUDCHF_otc,0.57354
17:43:54Z,AUDCHF_otc,0.57363
17:43:54Z,AUDCHF_otc,0.57354
17:43:55Z,AUDCHF_otc,0.57354
17:43:55Z,AUDCHF_otc,0.57366
17:43:56Z,AUDCHF_otc,0.57364
17:43:56Z,AUDCHF_otc,0.57367
17:43:57Z,AUDCHF_otc,0.57373
17:43:57Z,AUDCHF_otc,0.57369
17:43:58Z,AUDCHF_otc,0.57369
17:43:58Z,AUDCHF_otc,0.57358
17:43:59Z,AUDCHF_otc,0.57356
17:43:59Z,AUDCHF_otc,0.57365
17:44:00Z,AUDCHF_otc,0.57362
17:44:00Z,AUDCHF_otc,0.57358
17:44:01Z,AUDCHF_otc,0.57358
17:44:01Z,AUDCHF_otc,0.57336
17:44:02Z,AUDCHF_otc,0.5734
17:44:02Z,AUDCHF_otc,0.57343
17:44:03Z,AUDCHF_otc,0.5735
17:44:03Z,AUDCHF_otc,0.57323
17:44:04Z,AUDCHF_otc,0.57323
17:44:04Z,AUDCHF_otc,0.57334
17:44:05Z,AUDCHF_otc,0.57331
17:44:05Z,AUDCHF_otc,0.57326
17:44:06Z,AUDCHF_otc,0.5733
17:44:06Z,AUDCHF_otc,0.57326
17:44:07Z,AUDCHF_otc,0.57326
17:44:07Z,AUDCHF_otc,0.5734
17:44:08Z,AUDCHF_otc,0.57343
17:44:08Z,AUDCHF_otc,0.57346
17:44:09Z,AUDCHF_otc,0.57339
17:44:09Z,AUDCHF_otc,0.57347
17:44:10Z,AUDCHF_otc,0.57347
17:44:10Z,AUDCHF_otc,0.57345
17:44:11Z,AUDCHF_otc,0.57342
17:44:11Z,AUDCHF_otc,0.57338
17:44:12Z,AUDCHF_otc,0.57359
17:44:12Z,AUDCHF_otc,0.57364
17:44:13Z,AUDCHF_otc,0.57364
17:44:13Z,AUDCHF_otc,0.57363
17:44:14Z,AUDCHF_otc,0.5736
17:44:14Z,AUDCHF_otc,0.57379
17:44:15Z,AUDCHF_otc,0.57376
17:44:15Z,AUDCHF_otc,0.57372
17:44:16Z,AUDCHF_otc,0.57372
17:44:16Z,AUDCHF_otc,0.57373
17:44:17Z,AUDCHF_otc,0.57366
17:44:17Z,AUDCHF_otc,0.57366
17:44:18Z,AUDCHF_otc,0.57369
17:44:18Z,AUDCHF_otc,0.57373
17:44:19Z,AUDCHF_otc,0.57373
17:44:19Z,AUDCHF_otc,0.57362
17:44:20Z,AUDCHF_otc,0.57349
17:44:20Z,AUDCHF_otc,0.57353
17:44:21Z,AUDCHF_otc,0.57346
17:44:21Z,AUDCHF_otc,0.57352
17:44:22Z,AUDCHF_otc,0.57352
17:44:22Z,AUDCHF_otc,0.57349
17:44:23Z,AUDCHF_otc,0.57352
17:44:23Z,AUDCHF_otc,0.57352
17:44:24Z,AUDCHF_otc,0.57373
17:44:24Z,AUDCHF_otc,0.57377
17:44:25Z,AUDCHF_otc,0.57377
17:44:25Z,AUDCHF_otc,0.57377
17:44:26Z,AUDCHF_otc,0.57374
17:44:26Z,AUDCHF_otc,0.5737
17:44:27Z,AUDCHF_otc,0.57373
17:44:27Z,AUDCHF_otc,0.57356
17:44:28Z,AUDCHF_otc,0.57356
17:44:28Z,AUDCHF_otc,0.57354
17:44:29Z,AUDCHF_otc,0.57357
17:44:29Z,AUDCHF_otc,0.57353
17:44:30Z,AUDCHF_otc,0.57345
17:44:30Z,AUDCHF_otc,0.5735
17:44:31Z,AUDCHF_otc,0.5735
17:44:31Z,AUDCHF_otc,0.57343
17:44:31Z,AUDCHF_otc,0.57346
17:44:32Z,AUDCHF_otc,0.57343
17:44:32Z,AUDCHF_otc,0.57346
17:44:33Z,AUDCHF_otc,0.57343
17:44:33Z,AUDCHF_otc,0.57359
17:44:34Z,AUDCHF_otc,0.57359
17:44:34Z,AUDCHF_otc,0.57363
17:44:34Z,AUDCHF_otc,0.57366
17:44:35Z,AUDCHF_otc,0.57366
17:44:35Z,AUDCHF_otc,0.57379
17:44:36Z,AUDCHF_otc,0.57389
17:44:36Z,AUDCHF_otc,0.57394
17:44:37Z,AUDCHF_otc,0.57394
17:44:37Z,AUDCHF_otc,0.57394
17:44:38Z,AUDCHF_otc,0.57394
17:44:38Z,AUDCHF_otc,0.57397
17:44:39Z,AUDCHF_otc,0.57383
17:44:39Z,AUDCHF_otc,0.57376
17:44:39Z,AUDCHF_otc,0.57386
17:44:40Z,AUDCHF_otc,0.57386
17:44:40Z,AUDCHF_otc,0.57386
17:44:41Z,AUDCHF_otc,0.57381
17:44:41Z,AUDCHF_otc,0.57388
17:44:42Z,AUDCHF_otc,0.57391
17:44:42Z,AUDCHF_otc,0.57391
17:44:43Z,AUDCHF_otc,0.57391
17:44:43Z,AUDCHF_otc,0.57387
17:44:44Z,AUDCHF_otc,0.57387
17:44:44Z,AUDCHF_otc,0.57392
17:44:45Z,AUDCHF_otc,0.57389
17:44:45Z,AUDCHF_otc,0.57395
17:44:46Z,AUDCHF_otc,0.574
17:44:46Z,AUDCHF_otc,0.57397
17:44:47Z,AUDCHF_otc,0.57397
17:44:47Z,AUDCHF_otc,0.57401
17:44:48Z,AUDCHF_otc,0.5739
17:44:48Z,AUDCHF_otc,0.57386
17:44:49Z,AUDCHF_otc,0.57377
17:44:49Z,AUDCHF_otc,0.57368
17:44:50Z,AUDCHF_otc,0.57366
17:44:50Z,AUDCHF_otc,0.57361
17:44:51Z,AUDCHF_otc,0.57394
17:44:51Z,AUDCHF_otc,0.57397
17:44:52Z,AUDCHF_otc,0.574
17:44:52Z,AUDCHF_otc,0.57404
17:44:53Z,AUDCHF_otc,0.57399
17:44:53Z,AUDCHF_otc,0.57393
17:44:54Z,AUDCHF_otc,0.57386
17:44:54Z,AUDCHF_otc,0.57389
17:44:55Z,AUDCHF_otc,0.57382
17:44:55Z,AUDCHF_otc,0.57376
17:44:56Z,AUDCHF_otc,0.57366
17:44:56Z,AUDCHF_otc,0.57373
17:44:57Z,AUDCHF_otc,0.57373
17:44:57Z,AUDCHF_otc,0.5736
17:44:58Z,AUDCHF_otc,0.57356
17:44:58Z,AUDCHF_otc,0.5735
17:44:59Z,AUDCHF_otc,0.57343
17:44:59Z,AUDCHF_otc,0.57349
17:45:00Z,AUDCHF_otc,0.57349
17:45:00Z,AUDCHF_otc,0.57344
17:45:01Z,AUDCHF_otc,0.57347
17:45:01Z,AUDCHF_otc,0.57341
17:45:02Z,AUDCHF_otc,0.57333
17:45:02Z,AUDCHF_otc,0.57335
17:45:03Z,AUDCHF_otc,0.57339
17:45:03Z,AUDCHF_otc,0.57343
17:45:04Z,AUDCHF_otc,0.57346
17:45:04Z,AUDCHF_otc,0.57343
17:45:05Z,AUDCHF_otc,0.57343
17:45:05Z,AUDCHF_otc,0.57343
17:45:06Z,AUDCHF_otc,0.57348
17:45:06Z,AUDCHF_otc,0.57348
17:45:07Z,AUDCHF_otc,0.57348
17:45:07Z,AUDCHF_otc,0.57351
17:45:08Z,AUDCHF_otc,0.57348
17:45:08Z,AUDCHF_otc,0.57348
17:45:09Z,AUDCHF_otc,0.57351
17:45:09Z,AUDCHF_otc,0.57351
17:45:10Z,AUDCHF_otc,0.57349
17:45:10Z,AUDCHF_otc,0.57359
17:45:11Z,AUDCHF_otc,0.57361
17:45:11Z,AUDCHF_otc,0.57356
17:45:12Z,AUDCHF_otc,0.57346
17:45:12Z,AUDCHF_otc,0.57341
17:45:13Z,AUDCHF_otc,0.57343
17:45:13Z,AUDCHF_otc,0.57348
17:45:14Z,AUDCHF_otc,0.57343
17:45:14Z,AUDCHF_otc,0.5735
17:45:15Z,AUDCHF_otc,0.5735
17:45:15Z,AUDCHF_otc,0.57353
17:45:16Z,AUDCHF_otc,0.5735
17:45:16Z,AUDCHF_otc,0.57345
17:45:17Z,AUDCHF_otc,0.57349
17:45:17Z,AUDCHF_otc,0.57355
17:45:18Z,AUDCHF_otc,0.57355
17:45:18Z,AUDCHF_otc,0.57359
17:45:19Z,AUDCHF_otc,0.57352
17:45:19Z,AUDCHF_otc,0.57355
17:45:20Z,AUDCHF_otc,0.57349
17:45:20Z,AUDCHF_otc,0.57349
17:45:21Z,AUDCHF_otc,0.57349
17:45:21Z,AUDCHF_otc,0.57355
17:45:22Z,AUDCHF_otc,0.57349
17:45:22Z,AUDCHF_otc,0.57354
17:45:23Z,AUDCHF_otc,0.57339
17:45:23Z,AUDCHF_otc,0.57347
17:45:24Z,AUDCHF_otc,0.57342
17:45:24Z,AUDCHF_otc,0.57338
17:45:25Z,AUDCHF_otc,0.57343
17:45:25Z,AUDCHF_otc,0.57346
17:45:26Z,AUDCHF_otc,0.57339
17:45:26Z,AUDCHF_otc,0.57335
17:45:27Z,AUDCHF_otc,0.57335
17:45:27Z,AUDCHF_otc,0.57321
17:45:28Z,AUDCHF_otc,0.57326
17:45:28Z,AUDCHF_otc,0.57328
17:45:29Z,AUDCHF_otc,0.57324
17:45:29Z,AUDCHF_otc,0.57324
17:45:30Z,AUDCHF_otc,0.57324
17:45:30Z,AUDCHF_otc,0.57317
17:45:31Z,AUDCHF_otc,0.57314
17:45:31Z,AUDCHF_otc,0.57317
17:45:32Z,AUDCHF_otc,0.5732
17:45:32Z,AUDCHF_otc,0.57294
17:45:33Z,AUDCHF_otc,0.57294
17:45:33Z,AUDCHF_otc,0.57296
17:45:34Z,AUDCHF_otc,0.57293
17:45:34Z,AUDCHF_otc,0.5729
17:45:35Z,AUDCHF_otc,0.57288
17:45:35Z,AUDCHF_otc,0.57285
17:45:36Z,AUDCHF_otc,0.57285
17:45:36Z,AUDCHF_otc,0.57285
17:45:37Z,AUDCHF_otc,0.57292
17:45:37Z,AUDCHF_otc,0.57295
17:45:38Z,AUDCHF_otc,0.57288
17:45:38Z,AUDCHF_otc,0.57291
17:45:39Z,AUDCHF_otc,0.57291
17:45:39Z,AUDCHF_otc,0.57284
17:45:40Z,AUDCHF_otc,0.5728
17:45:40Z,AUDCHF_otc,0.57277
17:45:41Z,AUDCHF_otc,0.57279
17:45:41Z,AUDCHF_otc,0.57297
17:45:42Z,AUDCHF_otc,0.57297
17:45:42Z,AUDCHF_otc,0.57298
17:45:43Z,AUDCHF_otc,0.5728
17:45:43Z,AUDCHF_otc,0.57274
17:45:44Z,AUDCHF_otc,0.57281
17:45:44Z,AUDCHF_otc,0.57281
17:45:45Z,AUDCHF_otc,0.57281
17:45:45Z,AUDCHF_otc,0.57302
17:45:46Z,AUDCHF_otc,0.5729
17:45:46Z,AUDCHF_otc,0.57293
17:45:47Z,AUDCHF_otc,0.57297
17:45:47Z,AUDCHF_otc,0.57289
17:45:48Z,AUDCHF_otc,0.57289
17:45:48Z,AUDCHF_otc,0.57293
17:45:49Z,AUDCHF_otc,0.5728
17:45:49Z,AUDCHF_otc,0.57272
17:45:50Z,AUDCHF_otc,0.57267
17:45:50Z,AUDCHF_otc,0.5727
17:45:51Z,AUDCHF_otc,0.5727
17:45:51Z,AUDCHF_otc,0.57285
17:45:52Z,AUDCHF_otc,0.57282
17:45:52Z,AUDCHF_otc,0.5728
17:45:53Z,AUDCHF_otc,0.57274
17:45:53Z,AUDCHF_otc,0.57266
17:45:54Z,AUDCHF_otc,0.57266
17:45:54Z,AUDCHF_otc,0.57276
17:45:55Z,AUDCHF_otc,0.5728
17:45:55Z,AUDCHF_otc,0.57283
17:45:56Z,AUDCHF_otc,0.5728
17:45:56Z,AUDCHF_otc,0.57282
17:45:57Z,AUDCHF_otc,0.57282
17:45:57Z,AUDCHF_otc,0.57304
17:45:58Z,AUDCHF_otc,0.57306
17:45:58Z,AUDCHF_otc,0.57303
17:45:59Z,AUDCHF_otc,0.57298
17:45:59Z,AUDCHF_otc,0.57289
17:46:00Z,AUDCHF_otc,0.57289
17:46:00Z,AUDCHF_otc,0.57297
17:46:01Z,AUDCHF_otc,0.573
17:46:01Z,AUDCHF_otc,0.57297
17:46:02Z,AUDCHF_otc,0.57303
17:46:02Z,AUDCHF_otc,0.57311
17:46:03Z,AUDCHF_otc,0.57311
17:46:03Z,AUDCHF_otc,0.5732
17:46:04Z,AUDCHF_otc,0.57323
17:46:04Z,AUDCHF_otc,0.57327
17:46:05Z,AUDCHF_otc,0.57333
17:46:05Z,AUDCHF_otc,0.57341
17:46:06Z,AUDCHF_otc,0.57341
17:46:06Z,AUDCHF_otc,0.57348
17:46:07Z,AUDCHF_otc,0.57348
17:46:07Z,AUDCHF_otc,0.57353
17:46:08Z,AUDCHF_otc,0.57349
17:46:08Z,AUDCHF_otc,0.57345
17:46:09Z,AUDCHF_otc,0.57345
17:46:09Z,AUDCHF_otc,0.57346
17:46:10Z,AUDCHF_otc,0.57349
17:46:10Z,AUDCHF_otc,0.57329
17:46:11Z,AUDCHF_otc,0.57325
17:46:11Z,AUDCHF_otc,0.57325
17:46:12Z,AUDCHF_otc,0.57325
17:46:12Z,AUDCHF_otc,0.57343
17:46:13Z,AUDCHF_otc,0.57341
17:46:13Z,AUDCHF_otc,0.57344
17:46:14Z,AUDCHF_otc,0.5734
17:46:14Z,AUDCHF_otc,0.57345
17:46:15Z,AUDCHF_otc,0.57345
17:46:15Z,AUDCHF_otc,0.5735
17:46:16Z,AUDCHF_otc,0.57347
17:46:16Z,AUDCHF_otc,0.57351
17:46:17Z,AUDCHF_otc,0.57347
17:46:17Z,AUDCHF_otc,0.57344
17:46:18Z,AUDCHF_otc,0.57344
17:46:18Z,AUDCHF_otc,0.57342
17:46:19Z,AUDCHF_otc,0.57335
17:46:19Z,AUDCHF_otc,0.57332
17:46:20Z,AUDCHF_otc,0.57323
17:46:20Z,AUDCHF_otc,0.57323
17:46:21Z,AUDCHF_otc,0.57323
17:46:21Z,AUDCHF_otc,0.5732
17:46:21Z,AUDCHF_otc,0.57312
17:46:22Z,AUDCHF_otc,0.5731
17:46:22Z,AUDCHF_otc,0.57304
17:46:23Z,AUDCHF_otc,0.57301
17:46:23Z,AUDCHF_otc,0.57298
17:46:24Z,AUDCHF_otc,0.57298
17:46:24Z,AUDCHF_otc,0.57304
17:46:25Z,AUDCHF_otc,0.573
17:46:25Z,AUDCHF_otc,0.57294
17:46:26Z,AUDCHF_otc,0.57285
17:46:26Z,AUDCHF_otc,0.57282
17:46:27Z,AUDCHF_otc,0.57282
17:46:27Z,AUDCHF_otc,0.57282
17:46:28Z,AUDCHF_otc,0.57276
17:46:28Z,AUDCHF_otc,0.57283
17:46:29Z,AUDCHF_otc,0.57278
17:46:29Z,AUDCHF_otc,0.57272
17:46:30Z,AUDCHF_otc,0.57272
17:46:30Z,AUDCHF_otc,0.57272
17:46:31Z,AUDCHF_otc,0.57267
17:46:31Z,AUDCHF_otc,0.57263
17:46:32Z,AUDCHF_otc,0.57269
17:46:32Z,AUDCHF_otc,0.57272
17:46:33Z,AUDCHF_otc,0.57272
17:46:33Z,AUDCHF_otc,0.57252
17:46:34Z,AUDCHF_otc,0.57255
17:46:34Z,AUDCHF_otc,0.57258
17:46:35Z,AUDCHF_otc,0.57255
17:46:35Z,AUDCHF_otc,0.5726
17:46:36Z,AUDCHF_otc,0.5726
17:46:36Z,AUDCHF_otc,0.57255
17:46:37Z,AUDCHF_otc,0.57244
17:46:37Z,AUDCHF_otc,0.57244
17:46:38Z,AUDCHF_otc,0.57249
17:46:38Z,AUDCHF_otc,0.57259
17:46:39Z,AUDCHF_otc,0.57259
17:46:39Z,AUDCHF_otc,0.57262
17:46:40Z,AUDCHF_otc,0.57265
17:46:40Z,AUDCHF_otc,0.57271
17:46:41Z,AUDCHF_otc,0.57267
17:46:41Z,AUDCHF_otc,0.57262
17:46:42Z,AUDCHF_otc,0.57262
17:46:42Z,AUDCHF_otc,0.57252
17:46:43Z,AUDCHF_otc,0.57257
17:46:43Z,AUDCHF_otc,0.57254
17:46:44Z,AUDCHF_otc,0.57266
17:46:44Z,AUDCHF_otc,0.57261
17:46:45Z,AUDCHF_otc,0.57261
17:46:45Z,AUDCHF_otc,0.57263
17:46:46Z,AUDCHF_otc,0.57257
17:46:46Z,AUDCHF_otc,0.57262
17:46:47Z,AUDCHF_otc,0.57255
17:46:47Z,AUDCHF_otc,0.57258
17:46:48Z,AUDCHF_otc,0.57258
17:46:48Z,AUDCHF_otc,0.57264
17:46:49Z,AUDCHF_otc,0.57261
17:46:49Z,AUDCHF_otc,0.5725
17:46:50Z,AUDCHF_otc,0.57255
17:46:50Z,AUDCHF_otc,0.57255
17:46:51Z,AUDCHF_otc,0.57255
17:46:51Z,AUDCHF_otc,0.57258
17:46:52Z,AUDCHF_otc,0.57265
17:46:52Z,AUDCHF_otc,0.57267
17:46:53Z,AUDCHF_otc,0.57272
17:46:53Z,AUDCHF_otc,0.57275
17:46:54Z,AUDCHF_otc,0.57275
17:46:54Z,AUDCHF_otc,0.57274
17:46:55Z,AUDCHF_otc,0.57274
17:46:55Z,AUDCHF_otc,0.57274
17:46:56Z,AUDCHF_otc,0.57268
17:46:56Z,AUDCHF_otc,0.57274
17:46:57Z,AUDCHF_otc,0.57274
17:46:57Z,AUDCHF_otc,0.57264
17:46:58Z,AUDCHF_otc,0.5727
17:46:58Z,AUDCHF_otc,0.57275
17:46:59Z,AUDCHF_otc,0.57272
17:46:59Z,AUDCHF_otc,0.57277
17:47:00Z,AUDCHF_otc,0.57277
17:47:00Z,AUDCHF_otc,0.57288
17:47:00Z,AUDCHF_otc,0.57293
17:47:01Z,AUDCHF_otc,0.57293
17:47:01Z,AUDCHF_otc,0.5729
17:47:02Z,AUDCHF_otc,0.57283
17:47:02Z,AUDCHF_otc,0.57287
17:47:03Z,AUDCHF_otc,0.57287
17:47:03Z,AUDCHF_otc,0.57289
17:47:03Z,AUDCHF_otc,0.57275
17:47:04Z,AUDCHF_otc,0.57275
17:47:04Z,AUDCHF_otc,0.57282
17:47:05Z,AUDCHF_otc,0.57282
17:47:05Z,AUDCHF_otc,0.5728
17:47:06Z,AUDCHF_otc,0.5728
17:47:06Z,AUDCHF_otc,0.57271
17:47:07Z,AUDCHF_otc,0.57271
17:47:07Z,AUDCHF_otc,0.57263
17:47:08Z,AUDCHF_otc,0.57261
17:47:08Z,AUDCHF_otc,0.57258
17:47:09Z,AUDCHF_otc,0.57258
17:47:09Z,AUDCHF_otc,0.57252
17:47:09Z,AUDCHF_otc,0.57249
17:47:10Z,AUDCHF_otc,0.57249
17:47:10Z,AUDCHF_otc,0.57251
17:47:11Z,AUDCHF_otc,0.57251
17:47:11Z,AUDCHF_otc,0.57261
17:47:12Z,AUDCHF_otc,0.57261
17:47:12Z,AUDCHF_otc,0.57266
17:47:13Z,AUDCHF_otc,0.57266
17:47:13Z,AUDCHF_otc,0.57263
17:47:14Z,AUDCHF_otc,0.57268
17:47:14Z,AUDCHF_otc,0.57278
17:47:15Z,AUDCHF_otc,0.57278
17:47:15Z,AUDCHF_otc,0.57284
17:47:15Z,AUDCHF_otc,0.57281
17:47:16Z,AUDCHF_otc,0.57281
17:47:16Z,AUDCHF_otc,0.57278
17:47:17Z,AUDCHF_otc,0.57282
17:47:17Z,AUDCHF_otc,0.57286
17:47:18Z,AUDCHF_otc,0.57286
17:47:18Z,AUDCHF_otc,0.57282
17:47:18Z,AUDCHF_otc,0.57287
17:47:19Z,AUDCHF_otc,0.57275
17:47:19Z,AUDCHF_otc,0.57268
17:47:20Z,AUDCHF_otc,0.57264
17:47:20Z,AUDCHF_otc,0.57267
17:47:21Z,AUDCHF_otc,0.57267
17:47:21Z,AUDCHF_otc,0.57249
17:47:22Z,AUDCHF_otc,0.57253
17:47:22Z,AUDCHF_otc,0.5725
17:47:23Z,AUDCHF_otc,0.57255
17:47:23Z,AUDCHF_otc,0.57269
17:47:24Z,AUDCHF_otc,0.57269
17:47:24Z,AUDCHF_otc,0.57274
17:47:24Z,AUDCHF_otc,0.57277
17:47:25Z,AUDCHF_otc,0.57271
17:47:25Z,AUDCHF_otc,0.57267
17:47:26Z,AUDCHF_otc,0.57263
17:47:26Z,AUDCHF_otc,0.5726
17:47:27Z,AUDCHF_otc,0.5726
17:47:27Z,AUDCHF_otc,0.57251
17:47:27Z,AUDCHF_otc,0.57247
17:47:28Z,AUDCHF_otc,0.57242
17:47:28Z,AUDCHF_otc,0.57251
17:47:29Z,AUDCHF_otc,0.57248
17:47:29Z,AUDCHF_otc,0.57241
17:47:30Z,AUDCHF_otc,0.57241
17:47:30Z,AUDCHF_otc,0.57245
17:47:30Z,AUDCHF_otc,0.57237
17:47:31Z,AUDCHF_otc,0.57237
17:47:31Z,AUDCHF_otc,0.5723
17:47:32Z,AUDCHF_otc,0.57221
17:47:32Z,AUDCHF_otc,0.57224
17:47:33Z,AUDCHF_otc,0.57224
17:47:33Z,AUDCHF_otc,0.57227
17:47:33Z,AUDCHF_otc,0.57242
17:47:34Z,AUDCHF_otc,0.57242
17:47:34Z,AUDCHF_otc,0.57229
17:47:35Z,AUDCHF_otc,0.57231
17:47:35Z,AUDCHF_otc,0.57234
17:47:36Z,AUDCHF_otc,0.57234
17:47:36Z,AUDCHF_otc,0.57241
17:47:36Z,AUDCHF_otc,0.57247
17:47:37Z,AUDCHF_otc,0.57247
17:47:37Z,AUDCHF_otc,0.57256
17:47:38Z,AUDCHF_otc,0.57252
17:47:38Z,AUDCHF_otc,0.57249
17:47:39Z,AUDCHF_otc,0.57249
17:47:39Z,AUDCHF_otc,0.57238
17:47:39Z,AUDCHF_otc,0.57269
17:47:40Z,AUDCHF_otc,0.57269
17:47:40Z,AUDCHF_otc,0.57279
17:47:41Z,AUDCHF_otc,0.57271
17:47:41Z,AUDCHF_otc,0.57276
17:47:42Z,AUDCHF_otc,0.57276
17:47:42Z,AUDCHF_otc,0.57281
17:47:42Z,AUDCHF_otc,0.57283
17:47:43Z,AUDCHF_otc,0.5728
17:47:43Z,AUDCHF_otc,0.57271
17:47:44Z,AUDCHF_otc,0.57275
17:47:44Z,AUDCHF_otc,0.57286
17:47:45Z,AUDCHF_otc,0.57286
17:47:45Z,AUDCHF_otc,0.57284
17:47:45Z,AUDCHF_otc,0.57286
17:47:46Z,AUDCHF_otc,0.57286
17:47:46Z,AUDCHF_otc,0.57262
17:47:47Z,AUDCHF_otc,0.57258
17:47:47Z,AUDCHF_otc,0.57266
17:47:48Z,AUDCHF_otc,0.57266
17:47:48Z,AUDCHF_otc,0.57266
17:47:48Z,AUDCHF_otc,0.5727
17:47:49Z,AUDCHF_otc,0.5727
17:47:49Z,AUDCHF_otc,0.5728
17:47:50Z,AUDCHF_otc,0.57275
17:47:50Z,AUDCHF_otc,0.5728
17:47:51Z,AUDCHF_otc,0.5728
17:47:51Z,AUDCHF_otc,0.57282
